,Status/Disposal,Ear Tag,Ear Tag Location,Brand,Brand Location,Tattoo,Tattoo Location,Other ID,Other ID Location,Name,Registration Number,Breeder,Breeder Member Number,Owner,Owner Member Number,Date of Birth,Birth Method,Sire,Dam,Status,Type or Sex,Percent Purebred,Breed,Breed 1,Breed 2,Breed 3,Breed Comp 1,Breed Comp 2,Breed Comp 3,Horns,Color Markings,EPDType,EPD Reporting Period,CED,CED Acc,BW,BW Acc,WW,WW Acc,YW,YW Acc,MK,MK Acc,TM,Calving Ease Maternal EPD,Calving Ease Maternal Acc,Scrotal Circumference EPD,Scrotal Circumference Acc,Ribeye Area EPD,Ribeye Area Acc,Marbling EPD,Marbling Acc,Fat Thickness EPD,Fat Thickness Acc,Carcass Weight EPD,Carcass Weight  Acc,Percent Retail Cuts EPD,Percent Retail Cuts Acc,Intramuscular Fat EPD,Intramuscular Fat Acc,Birth Weight,Adjusted Birth Weight,Birth Contemp Group,Birth contemporaries,Birth Weight Ratio,Birth Height,Calving Ease,Birth Code,Nurse Code,Twin code,Dam Teat Score,Dam Udder Score,Dam Gestation Length,Weaning Date,Weaning Weight Date,Weaning Weight,Adjusted Weaning Weight,Weaning Contemp Group,Weaning Contemporaries,Weaning Weight Ratio,Weaning WDA,Weaning Height,Weaning Frame Score,Weaning Mgmt Code,Weaning Pasture Code,Weaning Sheath/Namvel,Yearling Date,Yearling Weight Date,Yearling Weight,Adjusted Yearling Weight,Yearling Contemp Group,Yearling Contemporaries,Yearling Weight Ratio,Yearling WDA,Yearling ADG,Yearling ADG Ratio,Yearling Height,Yearling Frame Score,Yearling Mgmt Code,Yearling Pasture Code,Yearling Sheath/Navel,Growth,Year_Born,Age,Designation,Composite Score,Age_1_Year_Ago,Age (Years)
2095,0,,,F0001,LH,9260D,LE,,,HEARTBRAND 9260D,AF101957,"HEARTBRAND BEEF, INC.",1.0,ARTESIAN CATTLE & FARMING LLC,291.0,2016-11-20,NS,AF18418,AF309,Active,B,,,AA,,,100.0,,,H,,P,20240808.0,3.9,0.3,1.9,0.36,36.0,0.23,70.0,0.04,21.0,0.15,39.010498,,,,,,,,,,,,,,,,,70.0,,4990-3960,22.0,,,1.0,,,1.0,,,,06/28/2017,06/28/2017,455.0,441.0,761-10912,1.0,,2.07,,,1.0,761,,,,,,,,,,,,,,,,,70.8771,2016.0,8.0,Bull,3.618065160520106,9.0,8.043805612594113
2116,0,,,F0001,LH,9254E,LE,,,HEARTBRAND 9254E ET,AF112600,"HEARTBRAND BEEF, INC.",1.0,ARTESIAN CATTLE & FARMING LLC,291.0,2016-10-16,ET,AF6971,AF6941,Active,B,,,AA,,,100.0,,,H,,P,20240808.0,-4.0,0.36,3.0,0.46,34.0,0.32,69.0,0.06,24.0,0.18,41.391,,,,,,,,,,,,,,,,,60.0,,5704-4984,3.0,,,1.0,,,1.0,,,,06/14/2017,06/14/2017,510.0,443.0,1127-140,3.0,99.0,2.12,,,1.0,543,,,,,,,,,,,,,,,,,69.37,2016.0,8.0,Bull,3.156449205051609,9.0,8.139630390143736
2169,0,,,C0330,RH,0A04,LE,,,0A04,AF178217,DARYL WEST,351.0,ARTESIAN CATTLE & FARMING LLC,291.0,2020-03-25,NS,AF67964,AF21701,Active,B,,,AA,,,100.0,,,H,,P,20240808.0,3.0,0.24,1.6,0.3,34.0,0.13,68.0,0.03,27.0,0.08,43.934,,,,,,,,,,,,,,,,,80.0,80.0,16221-3,6.0,101.0,,1.0,,,1.0,,,,11/03/2020,11/03/2020,610.0,567.0,16415-56,5.0,96.0,2.74,,,1.0,,,,,,,,,,,,,,,,,,68.6934,2020.0,4.0,Bull,3.761576674462826,5.0,4.700889801505818
2171,0,,,C0330,RH,0A06,LE,,,0A06,AF178219,DARYL WEST,351.0,ARTESIAN CATTLE & FARMING LLC,291.0,2020-03-29,NS,AF67964,AF91302,Active,B,,,AA,,,100.0,,,H,,P,20240808.0,1.5,0.17,2.0,0.29,45.0,0.11,82.0,0.02,27.0,0.07,50.1195,,,,,,,,,,,,,,,,,75.0,78.0,16221-3,6.0,98.0,,1.0,,,1.0,,,,11/03/2020,11/03/2020,555.0,563.0,16415-56,5.0,96.0,2.53,,,1.0,,,,,,,,,,,,,,,,,,84.37400000000001,2020.0,4.0,Bull,4.150629801746678,5.0,4.689938398357289
2172,0,,,C0330,RH,0A08,LE,,,0A08,AF178221,DARYL WEST,351.0,ARTESIAN CATTLE & FARMING LLC,291.0,2020-04-02,NS,AF67964,AF21694,Active,B,,,AA,,,100.0,,,H,,P,20240808.0,1.8,0.2,2.0,0.3,37.0,0.13,72.0,0.03,26.0,0.08,45.188004,,,,,,,,,,,,,,,,,85.0,85.0,16221-3,6.0,107.0,,1.0,,,1.0,,,,11/03/2020,11/03/2020,590.0,567.0,16415-56,5.0,96.0,2.74,,,1.0,,,,,,,,,,,,,,,,,,73.08200000000001,2020.0,4.0,Bull,3.7715450533440835,5.0,4.678986995208761
2173,0,,,C0330,RH,0A09,LE,,,0A09,AF178222,DARYL WEST,351.0,ARTESIAN CATTLE & FARMING LLC,291.0,2020-04-06,NS,AF67964,AF91289,Active,B,,,AA,,,100.0,,,H,,P,20240808.0,0.9,0.24,3.1,0.28,43.0,0.11,80.0,0.02,27.0,0.07,48.3355,,,,,,,,,,,,,,,,,85.0,86.0,16221-3,6.0,108.0,,1.0,,,1.0,,,,11/03/2020,11/03/2020,635.0,633.0,16415-56,5.0,108.0,3.01,,,1.0,,,,,,,,,,,,,,,,,,81.7689,2020.0,4.0,Bull,3.9540594462340937,5.0,4.6680355920602326
2176,0,,,C0330,RH,0A12,LE,,,0A12,AF178225,DARYL WEST,351.0,ARTESIAN CATTLE & FARMING LLC,291.0,2020-04-12,NS,AF67964,AF21759,Active,B,,,AA,,,100.0,,,H,,P,20240808.0,-2.6,0.33,1.7,0.3,49.0,0.14,86.0,0.03,24.0,0.07,48.2375,,,,,,,,,,,,,,,,,75.0,75.0,16221-3,6.0,95.0,,1.0,,,1.0,,,,11/03/2020,11/03/2020,610.0,610.0,16415-56,5.0,104.0,2.98,,,1.0,,,,,,,,,,,,,,,,,,89.01230000000001,2020.0,4.0,Bull,3.9455742811484398,5.0,4.65160848733744
2179,0,,,C0399,LH,2263G,LE,,,LAG SHINJITSU 2263G ET,AF178808,LEGENDARY AKAUSHI GENETICS LLC,423.0,ARTESIAN CATTLE & FARMING LLC,291.0,2019-10-12,ET,EAF97014,AF3354,Active,B,,,AA,,,100.0,,,H,,P,20240808.0,4.0,0.19,0.2,0.35,36.0,0.24,69.0,0.04,22.0,0.11,40.356003,,,,,,,,,,,,,,,,,70.0,71.0,15982-8,23.0,107.0,,1.0,,,1.0,,,,05/06/2020,05/06/2020,470.0,466.0,16246-1,20.0,91.0,2.27,,,1.0,2252,,12/15/2020,12/15/2020,905.0,,16610-1,31.0,,2.1,1.95,,,,1.0,97 DIV - 309,,70.2908,2019.0,5.0,Bull,3.7621609906811546,6.0,5.152635181382615
2202,0,,,C0271,RH,J06,LE,,,ARTESIAN J06,AF209873,ARTESIAN CATTLE & FARMING LLC,291.0,ARTESIAN CATTLE & FARMING LLC,291.0,2021-03-30,NS,AF42320,AF106006,Active,B,,,AA,,,100.0,,,H,,N,20240808.0,6.3,0.15,1.4,0.14,37.0,0.09,71.0,0.02,20.0,0.06,38.458,,,,,,,,,,,,,,,,,0.0,,17002-3,4.0,,,1.0,,,,,,,,,,,,,,,,,,,,,,,,,,,,,,,,,,,72.16460000000002,2021.0,3.0,Bull,3.7867407145683867,4.0,3.6878850102669403
2203,0,,,C0271,RH,J09,LE,,,ARTESIAN J09,AF209874,ARTESIAN CATTLE & FARMING LLC,291.0,ARTESIAN CATTLE & FARMING LLC,291.0,2021-04-16,NS,AF42320,AF11048,Active,B,,,AA,,,100.0,,,H,,N,20240808.0,3.0,0.17,1.9,0.17,34.0,0.12,66.0,0.02,18.0,0.08,34.6315,,,,,,,,,,,,,,,,,0.0,,17002-3,4.0,,,1.0,,,,,,,,,,,,,,,,,,,,,,,,,,,,,,,,,,,66.4071,2021.0,3.0,Bull,3.3157048808445273,4.0,3.6413415468856947
2204,0,,,C0271,RH,J01,LE,,,ARTESIAN J01,AF209875,ARTESIAN CATTLE & FARMING LLC,291.0,ARTESIAN CATTLE & FARMING LLC,291.0,2021-03-13,NS,AF42320,AF11079,Active,B,,,AA,,,100.0,,,H,,P,20240808.0,4.4,0.2,0.9,0.28,36.0,0.14,68.0,0.03,19.0,0.1,36.9945,,,,,,,,,,,,,,,,,72.0,72.0,17002-3,4.0,,,1.0,,,,,,,11/10/2021,11/10/2021,480.0,418.0,17002-3,2.0,,1.98,,,1.0,4624,,,,,,,,,,,,,,,,,68.9821,2021.0,3.0,Bull,3.5897431068898067,4.0,3.7344284736481863
2206,0,,,C0271,RH,J04,LE,,,ARTESIAN MARGIN CALL J04,AF209877,ARTESIAN CATTLE & FARMING LLC,291.0,ARTESIAN CATTLE & FARMING LLC,291.0,2021-03-26,NS,AF42320,AF21701,Active,B,,,AA,,,100.0,,,H,,N,20240808.0,5.4,0.21,0.9,0.29,30.0,0.14,61.0,0.03,23.0,0.09,37.828,,,,,,,,,,,,,,,,,74.0,74.0,17002-5,1.0,,,1.0,,,1.0,,,,11/10/2021,11/10/2021,570.0,518.0,17002-4,1.0,,2.49,,,1.0,4624,,,,,,,,,,,,,,,,,61.062100000000015,2021.0,3.0,Bull,3.5611689641116646,4.0,3.698836413415469
2210,0,,,C0271,RH,J02,LE,,,ARTESIAN J02,AF209881,ARTESIAN CATTLE & FARMING LLC,291.0,ARTESIAN CATTLE & FARMING LLC,291.0,2021-03-25,NS,AF42320,AF91289,Active,B,,,AA,,,100.0,,,H,,N,20240808.0,3.5,0.19,2.5,0.27,39.0,0.12,73.0,0.03,23.0,0.08,42.261497,,,,,,,,,,,,,,,,,81.0,81.0,17002-3,4.0,,,1.0,,,,,,,11/10/2021,11/10/2021,574.0,520.0,17002-3,2.0,,2.5,,,1.0,4624,,,,,,,,,,,,,,,,,74.10750000000002,2021.0,3.0,Bull,3.7596322802215587,4.0,3.701574264202601
2230,0,,,C0271,,K10,,,,ARTESIAN L126 PROXIMO K10,AF251295,ARTESIAN CATTLE & FARMING LLC,291.0,ARTESIAN CATTLE & FARMING LLC,291.0,2022-04-04,ET,EAF128755,AF21701,Active,B,,,AA,,,100.0,,,H,,N,20240808.0,1.5,0.12,1.7,0.19,28.0,0.13,59.0,0.03,27.0,0.07,40.3075,,,,,,,,,,,,,,,,,0.0,,19977-8,1.0,,,1.0,,,1.0,,,,,,,,,,,,,,,,,,,,,,,,,,,,,,,,58.54730000000001,2022.0,2.0,Bull,3.366013649590238,3.0,2.674880219028063
2232,0,,,C0271,,K12,,,,ARTESIAN K12,AF251297,ARTESIAN CATTLE & FARMING LLC,291.0,ARTESIAN CATTLE & FARMING LLC,291.0,2022-04-10,NS,AF112600,AF21704,Active,B,,,AA,,,100.0,,,H,,N,20240808.0,-1.6,0.16,2.5,0.2,28.0,0.16,60.0,0.03,26.0,0.1,40.067,,,,,,,,,,,,,,,,,0.0,,19977-3,7.0,,,1.0,,,1.0,,,,,,,,,,,,,,,,,,,,,,,,,,,,,,,,59.40450000000001,2022.0,2.0,Bull,3.118935115856663,3.0,2.6584531143052703
2233,0,,,C0271,,K13,,,,ARTESIAN K13,AF251298,ARTESIAN CATTLE & FARMING LLC,291.0,ARTESIAN CATTLE & FARMING LLC,291.0,2022-04-10,NS,AF112600,AF21759,Active,B,,,AA,,,100.0,,,H,,N,20240808.0,-3.8,0.16,2.9,0.21,44.0,0.16,80.0,0.03,23.0,0.09,44.4605,,,,,,,,,,,,,,,,,0.0,,19977-3,7.0,,,1.0,,,1.0,,,,,,,,,,,,,,,,,,,,,,,,,,,,,,,,81.86810000000001,2022.0,2.0,Bull,3.5348463536161576,3.0,2.6584531143052703
2234,0,,,C0271,,K14,,,,ARTESIAN K14,AF251299,ARTESIAN CATTLE & FARMING LLC,291.0,ARTESIAN CATTLE & FARMING LLC,291.0,2022-04-10,NS,AF112600,AF21694,Active,B,,,AA,,,100.0,,,H,,N,20240808.0,-0.2,0.16,1.7,0.2,32.0,0.15,65.0,0.03,25.0,0.1,40.9775,,,,,,,,,,,,,,,,,0.0,,19977-3,7.0,,,1.0,,,1.0,,,,,,,,,,,,,,,,,,,,,,,,,,,,,,,,65.2913,2022.0,2.0,Bull,3.3842717863293377,3.0,2.6584531143052703
2238,0,,,C0271,,K19,,,,ARTESIAN K19,AF251304,ARTESIAN CATTLE & FARMING LLC,291.0,ARTESIAN CATTLE & FARMING LLC,291.0,2022-05-27,NS,AF42333,AF21701,Active,B,,,AA,,,100.0,,,H,,N,20240808.0,2.8,0.21,0.3,0.29,28.0,0.13,60.0,0.03,24.0,0.1,38.6315,,,,,,,,,,,,,,,,,77.0,77.0,19977-3,7.0,89.0,,1.0,,,1.0,,,,09/30/2022,09/30/2022,316.0,,19977-4,5.0,,2.51,,,1.0,4624,,,,,,,,,,,,,,,,,60.06670000000001,2022.0,2.0,Bull,3.4381997821363868,3.0,2.529774127310062
2239,0,,,C0271,,K09,,,,ARTESIAN K09,AF251305,ARTESIAN CATTLE & FARMING LLC,291.0,ARTESIAN CATTLE & FARMING LLC,291.0,2022-04-01,NS,AF112600,AF20799,Active,B,,,AA,,,100.0,,,H,,N,20240808.0,2.4,0.16,0.5,0.3,31.0,0.15,64.0,0.03,25.0,0.09,40.5905,,,,,,,,,,,,,,,,,71.0,71.0,19977-3,7.0,82.0,,1.0,,,1.0,,,,09/30/2022,09/30/2022,460.0,509.0,19977-4,5.0,102.0,2.53,,,1.0,4624,,,,,,,,,,,,,,,,,64.5155,2022.0,2.0,Bull,3.57418147857468,3.0,2.6830937713894594
2241,0,,,C0271,,K05,,,,ARTESIAN K05,AF251309,ARTESIAN CATTLE & FARMING LLC,291.0,ARTESIAN CATTLE & FARMING LLC,291.0,2022-03-17,NS,AF112600,AF178218,Active,B,,,AA,,,100.0,,,H,,N,20240808.0,-3.0,0.15,3.5,0.28,38.0,0.13,73.0,0.02,24.0,0.07,42.8395,,,,,,,,,,,,,,,,,89.0,95.0,19977-3,7.0,110.0,,1.0,,,1.0,,,,09/30/2022,09/30/2022,448.0,528.0,19977-4,5.0,106.0,2.27,,,1.0,4624,,,,,,,,,,,,,,,,,73.76750000000001,2022.0,2.0,Bull,3.3357540946676636,3.0,2.724161533196441
2244,0,,,C0271,,K04,,,,ARTESIAN K04,AF251312,ARTESIAN CATTLE & FARMING LLC,291.0,ARTESIAN CATTLE & FARMING LLC,291.0,2022-03-16,NS,AF112600,AF178224,Active,B,,,AA,,,100.0,,,H,,N,20240808.0,-2.8,0.15,3.9,0.29,36.0,0.12,71.0,0.02,25.0,0.06,43.5335,,,,,,,,,,,,,,,,,95.0,102.0,19977-3,7.0,118.0,,1.0,,,1.0,,,,09/30/2022,09/30/2022,436.0,526.0,19977-4,5.0,105.0,2.2,,,1.0,4624,,,,,,,,,,,,,,,,,71.37310000000001,2022.0,2.0,Bull,3.29607837896066,3.0,2.726899383983573
2254,0,,,C0271,RH,K25,,,,ARTESIAN KANE K25,AF274858,"HEARTBRAND BEEF, INC.",1.0,ARTESIAN CATTLE & FARMING LLC,291.0,2022-09-17,NS,AF148442,AF168513,Active,B,,,AA,,,100.0,,,H,,N,20240808.0,5.3,0.2,-0.5,0.29,46.0,0.15,82.0,0.03,23.0,0.07,45.411,,,,,,,,,,,,,,,,,61.0,67.0,19978-7,3.0,80.0,,1.0,,,1.0,,,,05/09/2023,05/09/2023,405.0,427.0,19978-3,3.0,86.0,1.73,,,1.0,,,,,,,,,,,,,,,,,,85.16550000000001,2022.0,2.0,Bull,4.362951363095984,3.0,2.220396988364134
2258,0,,,C0271,RH,K27,,,,ARTESIAN TAROU K27,AF274862,"HEARTBRAND BEEF, INC.",1.0,ARTESIAN CATTLE & FARMING LLC,291.0,2022-10-06,NS,AF126716,AF168517,Active,B,,,AA,,,100.0,,,H,,N,20240808.0,-3.4,0.21,5.1,0.31,52.0,0.17,91.0,0.03,21.0,0.07,47.4905,,,,,,,,,,,,,,,,,95.0,101.0,19978-7,3.0,121.0,,1.0,,,1.0,,,,05/09/2023,05/09/2023,542.0,560.0,19978-3,3.0,113.0,2.52,,,1.0,,,,,,,,,,,,,,,,,,93.59590000000001,2022.0,2.0,Bull,3.721402716728314,3.0,2.1683778234086244
2259,0,,,C0271,RH,K24,,,,ARTESIAN KENZON K24,AF274863,"HEARTBRAND BEEF, INC.",1.0,ARTESIAN CATTLE & FARMING LLC,291.0,2022-09-16,NS,AF30268,AF168220,Active,B,,,AA,,,100.0,,,H,,N,20240808.0,1.3,0.21,1.6,0.31,38.0,0.17,73.0,0.03,23.0,0.08,42.34,,,,,,,,,,,,,,,,,77.0,83.0,19978-7,3.0,99.0,,1.0,,,1.0,,,,05/09/2023,05/09/2023,490.0,502.0,19978-3,3.0,101.0,2.09,,,1.0,,,,,,,,,,,,,,,,,,74.33940000000001,2022.0,2.0,Bull,3.6724849165374263,3.0,2.223134839151266
2265,0,,,C0271,RH,L318,,,,ARTESIAN CATTLE L318,AF285555,ARTESIAN CATTLE & FARMING LLC,291.0,ARTESIAN CATTLE & FARMING LLC,291.0,2023-04-09,NS,AF40212,AF209876,Active,B,,,AA,,,100.0,,,H,,N,20240808.0,7.7,0.18,0.6,0.16,32.0,0.11,65.0,0.02,24.0,0.06,39.684998,,,,,,,,,,,,,,,,,65.0,71.0,20624-1,2.0,97.0,,1.0,,,1.0,,,,,,,,,,,,,,,,,,,,,,,,,,,,,,,,65.62240000000001,2023.0,1.0,Non-Parent,4.018794413812456,2.0,1.6618754277891854
2266,0,,,F0009,RH,TW0757Z,RE,,,TWINWOOD TW0757Z,AF28735,"TWINWOOD CATTLE CO., INC",5.0,ARTESIAN CATTLE & FARMING LLC,291.0,2012-12-11,AI,AF6092,AF2246,Active,B,,,AA,,,100.0,,,H,,P,20240808.0,-1.8,0.57,2.2,0.25,29.0,0.19,58.0,0.05,22.0,0.13,36.559,,,,,,,,,,,,,,,,,89.0,89.0,1202-1226,31.0,105.0,,,,,1.0,,,,,,,,,,,,,,,,,,,,,,,,,,,,,,,,57.3378,2012.0,12.0,Bull,2.942423342763659,13.0,11.986310746064339
2269,0,,,C0271,RH,L305,,,,ARTESIAN L305,AF295578,ARTESIAN CATTLE & FARMING LLC,291.0,ARTESIAN CATTLE & FARMING LLC,291.0,2023-03-14,AI,AF594,AF209879,Active,B,,,AA,,,100.0,,,H,,N,20240808.0,-0.7,0.19,0.8,0.2,39.0,0.16,74.0,0.03,22.0,0.1,41.1225,,,,,,,,,,,,,,,,,69.0,76.0,20624-1,2.0,103.0,,1.0,,,1.0,,,,,,,,,,,,,,,,,,,,,,,,,,,,,,,,75.7172,2023.0,1.0,Non-Parent,3.705983493476393,2.0,1.73305954825462
2270,0,,,C0271,RH,L329,,,,ARTESIAN MOKATO L329,AF295579,ARTESIAN CATTLE & FARMING LLC,291.0,ARTESIAN CATTLE & FARMING LLC,291.0,2023-04-19,NS,AF112600,AF178228,Active,B,,,AA,,,100.0,,,H,,N,20240808.0,-2.5,0.21,3.3,0.3,36.0,0.12,70.0,0.02,23.0,0.07,40.793,,,,,,,,,,,,,,,,,83.0,89.0,20825-3,8.0,111.0,,1.0,,,1.0,,,,09/28/2023,09/28/2023,394.0,516.0,20825-6,8.0,103.0,2.43,,,1.0,,,06/05/2024,06/05/2024,1060.0,,20825-27,1.0,,2.57,2.65,,,,1.0,AKAUSHI FULL BLOOD BULLS,,70.45570000000001,2023.0,1.0,Non-Parent,3.3205830833136294,2.0,1.6344969199178645
2275,0,,,C0271,RH,L335,,,,ARTESIAN WR RIOSHI L335,AF295639,ARTESIAN CATTLE & FARMING LLC,291.0,ARTESIAN CATTLE & FARMING LLC,291.0,2023-05-01,AI,EAF124671,AF21701,Active,B,,,AA,,,100.0,,,H,,N,20240808.0,-0.2,0.23,2.9,0.32,38.0,0.16,73.0,0.03,29.0,0.09,47.6285,,,,,,,,,,,,,,,,,85.0,86.0,20825-3,8.0,108.0,,1.0,,,1.0,,,,09/28/2023,09/28/2023,396.0,,20825-6,8.0,,2.65,,,1.0,,,06/05/2024,06/05/2024,1010.0,,20825-29,1.0,,2.52,2.45,,,,1.0,AKAUSHI FULL BLOOD BULLS,,73.94810000000001,2023.0,1.0,Non-Parent,3.864400801614535,2.0,1.6016427104722792
2277,0,,,C0271,RH,L304,,,,ARTESIAN HARUKO L304,AF295641,ARTESIAN CATTLE & FARMING LLC,291.0,ARTESIAN CATTLE & FARMING LLC,291.0,2023-03-13,AI,AF594,AF197151,Active,B,,,AA,,,100.0,,,H,,N,20240808.0,-9.2,0.24,3.2,0.33,38.0,0.17,74.0,0.03,26.0,0.09,45.357002,,,,,,,,,,,,,,,,,83.0,89.0,20825-3,8.0,111.0,,3.0,,,1.0,,,,09/28/2023,09/28/2023,425.0,500.0,20825-6,8.0,100.0,2.14,,,1.0,,,06/05/2024,06/05/2024,996.0,,20825-17,1.0,,2.21,2.27,,,,1.0,AKAUSHI FULL BLOOD BULLS,,74.95580000000001,2023.0,1.0,Non-Parent,3.1721721848230313,2.0,1.7357973990417521
2278,0,,,C0271,RH,L327,,,,ARTESIAN KAZUO L327 ET,AF295642,ARTESIAN CATTLE & FARMING LLC,291.0,ARTESIAN CATTLE & FARMING LLC,291.0,2023-04-16,ET,EAF124671,AF21701,Active,B,,,AA,,,100.0,,,H,,N,20240808.0,0.3,0.18,3.3,0.32,38.0,0.16,73.0,0.03,29.0,0.09,47.752502,,,,,,,,,,,,,,,,,89.0,90.0,20825-2,7.0,108.0,,1.0,,,1.0,,,,09/28/2023,09/28/2023,443.0,529.0,20825-5,6.0,98.0,2.68,,,1.0,,,06/05/2024,06/05/2024,1025.0,,20825-25,1.0,,2.46,2.32,,,,1.0,AKAUSHI FULL BLOOD BULLS,,73.82770000000001,2023.0,1.0,Non-Parent,3.8685469171201787,2.0,1.6427104722792607
2279,0,,,C0271,RH,L309,,,,ARTESIAN KENJI L309,AF295643,ARTESIAN CATTLE & FARMING LLC,291.0,ARTESIAN CATTLE & FARMING LLC,291.0,2023-03-20,AI,AF42320,AF178224,Active,B,,,AA,,,100.0,,,H,,N,20240808.0,7.1,0.23,0.2,0.29,36.0,0.11,69.0,0.02,23.0,0.06,40.653,,,,,,,,,,,,,,,,,65.0,71.0,20825-3,8.0,89.0,,1.0,,,1.0,,,,09/28/2023,09/28/2023,426.0,515.0,20825-6,8.0,103.0,2.22,,,1.0,,,06/05/2024,06/05/2024,990.0,,20825-19,1.0,,2.23,2.25,,,,1.0,AKAUSHI FULL BLOOD BULLS,,70.2908,2023.0,1.0,Non-Parent,4.126500581054537,2.0,1.7166324435318274
2282,0,,,C0271,RH,L324,,,,ARTESIAN KOHAKU L324 ET,AF295646,ARTESIAN CATTLE & FARMING LLC,291.0,ARTESIAN CATTLE & FARMING LLC,291.0,2023-04-14,ET,AF4586,AF21704,Active,B,,,AA,,,100.0,,,H,,N,20240808.0,2.3,0.21,1.5,0.34,29.0,0.2,62.0,0.04,29.0,0.14,43.331,,,,,,,,,,,,,,,,,78.0,79.0,20825-2,7.0,95.0,,1.0,,,1.0,,,,09/28/2023,09/28/2023,448.0,532.0,20825-5,6.0,98.0,2.68,,,1.0,,,06/05/2024,06/05/2024,1060.0,,20825-24,1.0,,2.54,2.44,,,,1.0,AKAUSHI FULL BLOOD BULLS,,61.940500000000014,2023.0,1.0,Non-Parent,3.7253569206557544,2.0,1.648186173853525
2284,0,,,C0271,RH,L328,,,,ARTESIAN MASARU L328 ET,AF295648,ARTESIAN CATTLE & FARMING LLC,291.0,ARTESIAN CATTLE & FARMING LLC,291.0,2023-04-16,ET,EAF124671,AF20799,Active,B,,,AA,,,100.0,,,H,,N,20240808.0,2.2,0.15,2.1,0.32,41.0,0.15,76.0,0.03,28.0,0.08,48.4875,,,,,,,,,,,,,,,,,77.0,78.0,20825-2,7.0,94.0,,1.0,,,1.0,,,,09/28/2023,09/28/2023,479.0,576.0,20825-5,6.0,106.0,2.9,,,1.0,,,06/05/2024,06/05/2024,1040.0,,20825-26,1.0,,2.51,2.24,,,,1.0,AKAUSHI FULL BLOOD BULLS,,77.5999,2023.0,1.0,Non-Parent,4.154553669356423,2.0,1.6427104722792607
2285,0,,,C0271,RH,L311,,,,ARTESIAN KOJI L311,AF295649,ARTESIAN CATTLE & FARMING LLC,291.0,ARTESIAN CATTLE & FARMING LLC,291.0,2023-03-21,AI,AF594,AF198103,Active,B,,,AA,,,100.0,,,H,,N,20240808.0,5.0,0.25,0.4,0.33,40.0,0.18,76.0,0.03,23.0,0.1,43.5355,,,,,,,,,,,,,,,,,70.0,76.0,20825-3,8.0,95.0,,1.0,,,1.0,,,,09/28/2023,09/28/2023,362.0,448.0,20825-6,8.0,90.0,1.9,,,1.0,,,06/05/2024,06/05/2024,870.0,,20825-20,1.0,,1.97,2.02,,,,1.0,AKAUSHI FULL BLOOD BULLS,,78.07260000000001,2023.0,1.0,Non-Parent,4.210339302613994,2.0,1.7138945927446954
2286,0,,,C0271,RH,L302,,,,ARTESIAN AKIO L302 ET,AF295650,ARTESIAN CATTLE & FARMING LLC,291.0,ARTESIAN CATTLE & FARMING LLC,291.0,2023-03-12,ET,AF4586,AF21759,Active,B,,,AA,,,100.0,,,H,,N,20240808.0,2.4,0.21,0.3,0.34,44.0,0.2,81.0,0.04,25.0,0.13,47.2415,,,,,,,,,,,,,,,,,65.0,65.0,20825-2,7.0,78.0,,1.0,,,1.0,,,,09/28/2023,09/28/2023,534.0,546.0,20825-5,6.0,101.0,2.67,,,1.0,,,06/05/2024,06/05/2024,1015.0,,20825-16,1.0,,2.25,1.92,,,,1.0,AKAUSHI FULL BLOOD BULLS,,83.7487,2023.0,1.0,Non-Parent,4.321910326545766,2.0,1.7385352498288844
2287,0,,,C0271,RH,L336,,,,ARTESIAN OSAMU L336,AF295651,ARTESIAN CATTLE & FARMING LLC,291.0,ARTESIAN CATTLE & FARMING LLC,291.0,2023-05-02,AI,AF4586,AF21704,Active,B,,,AA,,,100.0,,,H,,N,20240808.0,1.4,0.26,1.8,0.34,30.0,0.2,63.0,0.04,29.0,0.14,43.4215,,,,,,,,,,,,,,,,,80.0,81.0,20825-3,8.0,101.0,,1.0,,,1.0,,,,09/28/2023,09/28/2023,378.0,,20825-6,8.0,,2.54,,,1.0,,,06/05/2024,06/05/2024,960.0,,20825-30,1.0,,2.41,2.32,,,,1.0,AKAUSHI FULL BLOOD BULLS,,62.987200000000016,2023.0,1.0,Non-Parent,3.6811410847221597,2.0,1.5989048596851472
2289,0,,,C0271,RH,L331,,,,ARTESIAN AKIHIKO L331 ET,AF295653,ARTESIAN CATTLE & FARMING LLC,291.0,ARTESIAN CATTLE & FARMING LLC,291.0,2023-04-24,ET,EAF124671,AF91302,Active,B,,,AA,,,100.0,,,H,,N,20240808.0,-1.7,0.14,4.4,0.3,50.0,0.14,89.0,0.02,29.0,0.07,54.1155,,,,,,,,,,,,,,,,,89.0,89.0,20825-2,7.0,107.0,,1.0,,,1.0,,,,09/28/2023,09/28/2023,412.0,,20825-5,6.0,,2.62,,,1.0,,,06/05/2024,06/05/2024,1005.0,,20825-28,1.0,,2.46,2.36,,,,1.0,AKAUSHI FULL BLOOD BULLS,,91.53260000000002,2023.0,1.0,Non-Parent,4.226956961220638,2.0,1.620807665982204
2294,0,,,C0271,RH,L323,,,,ARTESIAN DAIGO L323 ET,AF295660,ARTESIAN CATTLE & FARMING LLC,291.0,ARTESIAN CATTLE & FARMING LLC,291.0,2023-04-13,ET,EAF124671,AF21694,Active,B,,,AA,,,100.0,,,H,,N,20240808.0,2.0,0.17,1.7,0.32,41.0,0.16,76.0,0.03,28.0,0.09,48.3935,,,,,,,,,,,,,,,,,77.0,78.0,20825-2,7.0,94.0,,1.0,,,1.0,,,,09/28/2023,09/28/2023,442.0,522.0,20825-5,6.0,96.0,2.63,,,1.0,,,06/05/2024,06/05/2024,1135.0,,20825-23,1.0,,2.71,2.76,,,,1.0,AKAUSHI FULL BLOOD BULLS,,77.72030000000001,2023.0,1.0,Non-Parent,4.169649389916352,2.0,1.6509240246406571
2296,0,,,C0271,RH,L314,,,,ARTESIAN REY L314,AF295664,ARTESIAN CATTLE & FARMING LLC,291.0,ARTESIAN CATTLE & FARMING LLC,291.0,2023-04-02,AI,AF40212,AF204570,Active,B,,,AA,,,100.0,,,H,,N,20240808.0,7.1,0.24,0.7,0.3,35.0,0.11,69.0,0.02,25.0,0.07,42.571,,,,,,,,,,,,,,,,,71.0,77.0,20825-3,8.0,96.0,,1.0,,,1.0,,,,09/28/2023,09/28/2023,435.0,553.0,20825-6,8.0,111.0,2.43,,,1.0,,,06/05/2024,06/05/2024,948.0,,20825-21,1.0,,2.2,2.04,,,,1.0,AKAUSHI FULL BLOOD BULLS,,70.10130000000001,2023.0,1.0,Non-Parent,4.165539645157275,2.0,1.68104038329911
2297,0,,,C0271,RH,L317,,,,ARTESIAN KAITO L317,AF295666,ARTESIAN CATTLE & FARMING LLC,291.0,ARTESIAN CATTLE & FARMING LLC,291.0,2023-04-08,AI,AF40212,AF197037,Active,B,,,AA,,,100.0,,,H,,N,20240808.0,10.1,0.25,0.7,0.3,39.0,0.13,74.0,0.02,24.0,0.07,42.9965,,,,,,,,,,,,,,,,,65.0,71.0,20825-3,8.0,89.0,,1.0,,,1.0,,,,09/28/2023,09/28/2023,350.0,468.0,20825-6,8.0,94.0,2.02,,,1.0,,,06/05/2024,06/05/2024,894.0,,20825-22,1.0,,2.11,2.17,,,,1.0,AKAUSHI FULL BLOOD BULLS,,75.74730000000001,2023.0,1.0,Non-Parent,4.477812510405189,2.0,1.6646132785763177
2315,0,,,C0271,RH,L347,,,,ARTESIAN EIJI L347 ET,AF323242,ARTESIAN CATTLE & FARMING LLC,291.0,ARTESIAN CATTLE & FARMING LLC,291.0,2023-10-09,ET,EAF124671,AF21759,Active,B,,,AA,,,100.0,,,H,,N,20240808.0,-1.4,0.16,2.4,0.31,52.0,0.16,91.0,0.03,26.0,0.07,51.726997,,,,,,,,,,,,,,,,,63.0,64.0,20826-6,4.0,94.0,,1.0,,,1.0,,,,05/28/2024,05/28/2024,622.0,557.0,20826-2,4.0,105.0,2.68,,,1.0,,,,,,,,,,,,,,,,,,94.4086,2023.0,1.0,Non-Parent,4.328805572317969,2.0,1.160848733744011
2316,0,,,C0271,RH,L346,,,,ARTESIAN DAICHI L346 ET,AF323243,ARTESIAN CATTLE & FARMING LLC,291.0,ARTESIAN CATTLE & FARMING LLC,291.0,2023-10-03,ET,EAF124671,AF20799,Active,B,,,AA,,,100.0,,,H,,N,20240808.0,2.7,0.15,1.4,0.3,40.0,0.15,76.0,0.03,28.0,0.08,48.277,,,,,,,,,,,,,,,,,59.0,60.0,20826-6,4.0,88.0,,1.0,,,1.0,,,,05/28/2024,05/28/2024,652.0,570.0,20826-2,4.0,108.0,2.74,,,1.0,,,,,,,,,,,,,,,,,,77.7716,2023.0,1.0,Non-Parent,4.2185358739239085,2.0,1.1772758384668036
2317,0,,,C0271,RH,L345,,,,ARTESIAN ATSUKO L345 ET,AF323244,ARTESIAN CATTLE & FARMING LLC,291.0,ARTESIAN CATTLE & FARMING LLC,291.0,2023-10-02,ET,EAF97355,AF21759,Active,B,,,AA,,,100.0,,,H,,N,20240808.0,2.0,0.18,0.3,0.33,48.0,0.17,85.0,0.03,22.0,0.09,45.975,,,,,,,,,,,,,,,,,57.0,58.0,20826-6,4.0,85.0,,1.0,,,1.0,,,,05/28/2024,05/28/2024,568.0,495.0,20826-2,4.0,93.0,2.38,,,1.0,,,,,,,,,,,,,,,,,,88.29670000000002,2023.0,1.0,Non-Parent,4.317525079881726,2.0,1.1800136892539357
2319,0,,,C0271,RH,L341,,,,ARTESIAN KENTARO L341 ET,AF323246,ARTESIAN CATTLE & FARMING LLC,291.0,ARTESIAN CATTLE & FARMING LLC,291.0,2023-09-28,ET,EAF97355,AF21759,Active,B,,,AA,,,100.0,,,H,,N,20240808.0,-3.4,0.18,4.2,0.33,51.0,0.17,89.0,0.03,22.0,0.09,47.117,,,,,,,,,,,,,,,,,90.0,91.0,20826-6,4.0,133.0,,1.0,,,1.0,,,,05/28/2024,05/28/2024,572.0,497.0,20826-2,4.0,94.0,2.35,,,1.0,,,,,,,,,,,,,,,,,,91.63180000000001,2023.0,1.0,Non-Parent,3.829469660217721,2.0,1.1909650924024642
2324,0,,,C0271,RH,L338,,,,ARTESIAN L338,AF323325,ARTESIAN CATTLE & FARMING LLC,291.0,ARTESIAN CATTLE & FARMING LLC,291.0,2023-10-15,NS,AF178221,AF204603,Active,B,,,AA,,,100.0,,,H,,N,20240808.0,1.6,0.11,2.1,0.15,35.0,0.09,69.0,0.01,25.0,0.05,43.0015,,,,,,,,,,,,,,,,,77.0,83.0,20826-16223,1.0,,,1.0,,,1.0,,,,,,,,,,,,,,,,,,,,,,,,,,,,,,,,69.6799,2023.0,1.0,Non-Parent,3.72686855762375,2.0,1.1444216290212184
2327,0,,,C0271,RH,M438,,,,ARTESIAN KATSUO M438 ET,AF323328,WHITLEY RANCH,1497.0,ARTESIAN CATTLE & FARMING LLC,291.0,2024-04-09,ET,EAF97439,AF21701,Active,B,,,AA,,,100.0,,,H,,N,20240808.0,7.0,0.26,1.9,0.23,36.0,0.18,70.0,0.03,24.0,0.09,42.0365,,,,,,,,,,,,,,,,,75.0,76.0,21297-2,11.0,86.0,,1.0,,,1.0,,,,,,,,,,,,,,,,,,,,,,,,,,,,,,,,70.8771,2024.0,0.0,Non-Parent,4.066108558503857,1.0,0.6598220396988365
2329,0,,,C0271,RH,M435,,,,ARTESIAN ELIO M435 ET,AF323330,ARTESIAN CATTLE & FARMING LLC,291.0,ARTESIAN CATTLE & FARMING LLC,291.0,2024-04-08,ET,EAF124671,AF198121,Active,B,,,AA,,,100.0,,,H,,N,20240808.0,5.4,0.22,2.4,0.19,48.0,0.14,85.0,0.02,26.0,0.06,50.4015,,,,,,,,,,,,,,,,,77.0,80.0,21297-2,11.0,90.0,,1.0,,,1.0,,,,,,,,,,,,,,,,,,,,,,,,,,,,,,,,87.66460000000002,2024.0,0.0,Non-Parent,4.5672700156016885,1.0,0.6625598904859685
2331,0,,,C0271,RH,M436,,,,ARTESIAN YUE M436 ET,AF323332,ARTESIAN CATTLE & FARMING LLC,291.0,ARTESIAN CATTLE & FARMING LLC,291.0,2024-04-08,ET,EAF124671,AF198121,Active,B,,,AA,,,100.0,,,H,,N,20240808.0,0.4,0.22,2.4,0.19,48.0,0.14,85.0,0.02,26.0,0.06,50.4015,,,,,,,,,,,,,,,,,95.0,98.0,21297-2,11.0,111.0,,1.0,,,1.0,,,,,,,,,,,,,,,,,,,,,,,,,,,,,,,,87.66460000000002,2024.0,0.0,Non-Parent,4.2547700156016885,1.0,0.6625598904859685
2332,0,,,C0271,RH,M432,,,,ARTESIAN APOLLO M432 ET,AF323333,ARTESIAN CATTLE & FARMING LLC,291.0,ARTESIAN CATTLE & FARMING LLC,291.0,2024-04-08,ET,EAF82294,AF21694,Active,B,,,AA,,,100.0,,,H,,N,20240808.0,7.6,0.23,0.5,0.2,28.0,0.16,60.0,0.03,25.0,0.12,39.213,,,,,,,,,,,,,,,,,73.0,74.0,21297-2,11.0,84.0,,1.0,,,1.0,,,,,,,,,,,,,,,,,,,,,,,,,,,,,,,,60.00650000000002,2024.0,0.0,Non-Parent,3.894293462311082,1.0,0.6625598904859685
2333,0,,,C0271,RH,M433,,,,ARTESIAN ASAHI M433 ET,AF323334,ARTESIAN CATTLE & FARMING LLC,291.0,ARTESIAN CATTLE & FARMING LLC,291.0,2024-04-08,ET,EAF124671,AF198121,Active,B,,,AA,,,100.0,,,H,,N,20240808.0,3.7,0.22,2.4,0.19,48.0,0.14,85.0,0.02,26.0,0.06,50.4015,,,,,,,,,,,,,,,,,83.0,86.0,21297-2,11.0,97.0,,1.0,,,1.0,,,,,,,,,,,,,,,,,,,,,,,,,,,,,,,,87.66460000000002,2024.0,0.0,Non-Parent,4.461020015601688,1.0,0.6625598904859685
2336,0,,,C0271,RH,M451,,,,ARTESIAN ACE ET,AF330782,ARTESIAN CATTLE & FARMING LLC,291.0,ARTESIAN CATTLE & FARMING LLC,291.0,2024-04-16,ET,EAF124671,AF198121,Active,B,,,AA,,,100.0,,,H,,N,20240808.0,1.5,0.22,2.4,0.19,48.0,0.14,85.0,0.02,26.0,0.06,50.4015,,,,,,,,,,,,,,,,,91.0,94.0,21297-2,11.0,106.0,,1.0,,,1.0,,,,,,,,,,,,,,,,,,,,,,,,,,,,,,,,87.66460000000002,2024.0,0.0,Non-Parent,4.323520015601688,1.0,0.6406570841889117
2341,0,,,C0271,RH,M441,,,,ARTESIAN ADKINS ET,AF330791,WHITLEY RANCH,1497.0,ARTESIAN CATTLE & FARMING LLC,291.0,2024-04-11,ET,EAF97439,AF21701,Active,B,,,AA,,,100.0,,,H,,N,20240808.0,6.4,0.26,1.9,0.23,36.0,0.18,70.0,0.03,24.0,0.09,42.0365,,,,,,,,,,,,,,,,,77.0,78.0,21297-2,11.0,88.0,,1.0,,,1.0,,,,,,,,,,,,,,,,,,,,,,,,,,,,,,,,70.8771,2024.0,0.0,Non-Parent,4.028608558503858,1.0,0.6543463381245722
2342,0,,,C0271,RH,M439,,,,ARTESIAN AIKEN ET,AF330792,WHITLEY RANCH,1497.0,ARTESIAN CATTLE & FARMING LLC,291.0,2024-04-11,ET,EAF97439,AF21701,Active,B,,,AA,,,100.0,,,H,,N,20240808.0,3.3,0.26,1.9,0.23,36.0,0.18,70.0,0.03,24.0,0.09,42.0365,,,,,,,,,,,,,,,,,89.0,90.0,21297-2,11.0,102.0,,1.0,,,1.0,,,,,,,,,,,,,,,,,,,,,,,,,,,,,,,,70.8771,2024.0,0.0,Non-Parent,3.834858558503857,1.0,0.6543463381245722
2343,0,,,C0271,RH,M442,,,,ARTESIAN ANTON ET,AF330793,ARTESIAN CATTLE & FARMING LLC,291.0,ARTESIAN CATTLE & FARMING LLC,291.0,2024-04-11,ET,EAF97439,AF21759,Active,B,,,AA,,,100.0,,,H,,N,20240808.0,-9.5,0.25,2.9,0.24,51.0,0.19,89.0,0.03,21.0,0.08,46.5815,,,,,,,,,,,,,,,,,108.0,109.0,21297-2,11.0,123.0,,2.0,,,1.0,,,,,,,,,,,,,,,,,,,,,,,,,,,,,,,,92.02310000000001,2024.0,0.0,Non-Parent,3.504723495528332,1.0,0.6543463381245722
2362,0,,,F0001,LH,1177Z,LE,,,HEARTBRAND 1177Z,AF34651,"HEARTBRAND BEEF, INC.",1.0,ARTESIAN CATTLE & FARMING LLC,291.0,2012-12-14,ET,AF7269,AF2374,Active,B,,,AA,,,100.0,,,H,,P,20240808.0,12.3,0.51,-1.5,0.37,44.0,0.24,79.0,0.04,23.0,0.18,44.885498,,,,,,,,,,,,,,,,,64.0,64.0,1227-1320,233.0,86.0,,1.0,,,1.0,,,,07/07/2013,07/07/2013,575.0,575.0,1274-2438,1.0,,2.8,,,1.0,1,,,,,,,,,,,,,,,,,82.09450000000001,2012.0,12.0,Bull,4.747642653652886,13.0,11.978097193702943
2365,0,,,F0001,LH,1603Z,LE,,,HEARTBRAND 1603Z,AF36497,"HEARTBRAND BEEF, INC.",1.0,ARTESIAN CATTLE & FARMING LLC,291.0,2012-10-12,NS,AF5638,AF8267,Active,B,,,AA,,,100.0,,,H,,P,20240808.0,3.2,0.54,2.9,0.35,42.0,0.22,79.0,0.05,24.0,0.15,44.6205,,,,,,,,,,,,,,,,,70.0,71.0,1194-1205,179.0,109.0,,1.0,,,1.0,,,,08/05/2013,08/05/2013,688.0,,1292-2557,1.0,,2.32,,,1.0,KIRT TRAMMELL COOP,,,,,,,,,,,,,,,,,80.69210000000001,2012.0,12.0,Bull,3.929024515500695,13.0,12.150581793292266
2374,0,,,F0001,LH,2451Z,LE,,,HEARTBRAND 2451Z,AF40212,"HEARTBRAND BEEF, INC.",1.0,ARTESIAN CATTLE & FARMING LLC,291.0,2012-11-01,NS,AF4533,AF956,Active,B,,,AA,,,100.0,,,H,,P,20240808.0,10.0,0.6,0.0,0.42,31.0,0.25,65.0,0.05,25.0,0.17,40.6895,,,,,,,,,,,,,,,,,70.0,70.0,1194-1205,179.0,107.0,,1.0,,,1.0,,,,07/22/2013,07/22/2013,550.0,,1335-2843,1.0,,2.09,,,1.0,BENKE,,,,,,,,,,,,,,,,,65.76400000000001,2012.0,12.0,Bull,4.071109064316284,13.0,12.095824777549623
2383,0,,,F0001,LH,2442Z,LE,,,HEARTBRAND 2442Z,AF40818,"HEARTBRAND BEEF, INC.",1.0,ARTESIAN CATTLE & FARMING LLC,291.0,2012-11-18,ET,AF6971,AF4629,Active,B,,,AA,,,100.0,,,H,,P,20240808.0,-0.5,0.46,5.5,0.38,48.0,0.29,86.0,0.05,27.0,0.19,51.1155,,,,,,,,,,,,,,,,,94.0,94.0,1194-1222,100.0,133.0,,1.0,,,1.0,,,,06/06/2013,06/06/2013,655.0,669.0,1347-2934,8.0,108.0,3.27,,,1.0,BENKE ET,,,,,,,,,,,,,,,,,87.82950000000001,2012.0,12.0,Bull,3.9427787270207895,13.0,12.049281314168377
2391,0,,,F0001,LH,2163A,LE,,,HEARTBRAND 2163A,AF42330,"HEARTBRAND BEEF, INC.",1.0,ARTESIAN CATTLE & FARMING LLC,291.0,2013-05-20,NS,AF233,AF1349,Active,B,,,AA,,,100.0,,,H,,P,20240808.0,0.4,0.52,2.5,0.34,33.0,0.21,65.0,0.04,26.0,0.17,42.215,,,,,,,,,,,,,,,,,70.0,70.0,1207-1279,285.0,105.0,,1.0,,,1.0,,,,12/06/2013,12/06/2013,506.0,517.0,1362-2998,1.0,,2.53,,,1.0,CR2,,,,,,,,,,,,,,,,,65.0895,2013.0,11.0,Bull,3.4316019038146126,12.0,11.548254620123203
2439,0,,,F0001,LH,3620B,LE,,,HEARTBRAND 3620B,AF62449,BEEMAN RANCH,3.0,ARTESIAN CATTLE & FARMING LLC,291.0,2014-03-06,ET,AF109,AF2688,Active,B,,,AA,,,100.0,,,H,,P,20240808.0,-1.9,0.51,3.3,0.38,43.0,0.26,79.0,0.08,22.0,0.21,43.4295,,,,,,,,,,,,,,,,,75.0,,1421-1952,65.0,,,1.0,,,1.0,,,,11/15/2014,11/15/2014,675.0,,761-4872,1.0,,2.66,,,1.0,BEEMAN RANCH,,,,,,,,,,,,,,,,,80.61070000000001,2014.0,10.0,Bull,3.5454713358727896,11.0,10.754277891854894
2484,0,,,F0001,LH,6897D,LE,,,HEARTBRAND 6897D,AF87058,"HEARTBRAND BEEF, INC.",1.0,ARTESIAN CATTLE & FARMING LLC,291.0,2016-02-29,NS,AF21071,AF7902,Active,B,,,AA,,,100.0,,,H,,P,20240808.0,1.8,0.19,0.6,0.18,32.0,0.11,64.0,0.02,22.0,0.08,37.746002,,,,,,,,,,,,,,,,,75.0,,4693-3104,4.0,,,1.0,,,1.0,,,,10/03/2016,10/03/2016,525.0,512.0,,,,2.42,,,1.0,389,,02/27/2017,02/27/2017,800.0,,391-825,16.0,0.0,2.2,1.87,,,,1.0,BROWN BULL TEST SPRING 16,,64.52440000000001,2016.0,8.0,Bull,3.4209472419992704,9.0,8.76933607118412
2621,0,,,C0271,RH,M402,,,,ARTESIAN LOCKHART M402,U341975,ARTESIAN CATTLE & FARMING LLC,291.0,ARTESIAN CATTLE & FARMING LLC,291.0,2024-01-23,AI,AF1,AF20799,Active,B,,,AA,,,100.0,,,H,,P,,,,,,,,,,,,,,,,,,,,,,,,,,,,,65.0,66.0,20826-16271,1.0,,,1.0,,,1.0,,,,,,,,,,,,,,,,,,,,,,,,,,,,,,,,,2024.0,0.0,Non-Parent,,1.0,0.8706365503080082
2627,0,,,C0271,RH,M408,,,,ARTESIAN BEASLEY M408,U341981,ARTESIAN CATTLE & FARMING LLC,291.0,ARTESIAN CATTLE & FARMING LLC,291.0,2024-03-08,AI,AF1,AF251296,Active,B,,,AA,,,100.0,,,H,,P,,,,,,,,,,,,,,,,,,,,,,,,,,,,,94.0,101.0,21466-7,1.0,,,3.0,,,1.0,,,,,,,,,,,,,,,,,,,,,,,,,,,,,,,,,2024.0,0.0,Non-Parent,,1.0,0.7474332648870636
2632,0,,,C0271,RH,M413,,,,ARTESIAN CHANDLER M413,U341986,ARTESIAN CATTLE & FARMING LLC,291.0,ARTESIAN CATTLE & FARMING LLC,291.0,2024-03-20,NS,AF1,AF197151,Active,B,,,AA,,,100.0,,,H,,P,,,,,,,,,,,,,,,,,,,,,,,,,,,,,81.0,84.0,21297-6,12.0,104.0,,1.0,,,1.0,,,,,,,,,,,,,,,,,,,,,,,,,,,,,,,,,2024.0,0.0,Non-Parent,,1.0,0.7145790554414785
2637,0,,,C0271,RH,M418,,,,ARTESIAN MATADOR M418,U341991,ARTESIAN CATTLE & FARMING LLC,291.0,ARTESIAN CATTLE & FARMING LLC,291.0,2024-03-26,AI,AF1,AF106006,Active,B,,,AA,,,100.0,,,H,,P,,,,,,,,,,,,,,,,,,,,,,,,,,,,,100.0,100.0,21297-6,12.0,124.0,,1.0,,,1.0,,,,,,,,,,,,,,,,,,,,,,,,,,,,,,,,,2024.0,0.0,Non-Parent,,1.0,0.6981519507186859
2638,0,,,C0271,RH,M419,,,,ARTESIAN FRANKLIN M416,U341992,ARTESIAN CATTLE & FARMING LLC,291.0,ARTESIAN CATTLE & FARMING LLC,291.0,2024-03-26,AI,AF1,AF170039,Active,B,,,AA,,,100.0,,,H,,P,,,,,,,,,,,,,,,,,,,,,,,,,,,,,77.0,78.0,21297-6,12.0,97.0,,1.0,,,1.0,,,,,,,,,,,,,,,,,,,,,,,,,,,,,,,,,2024.0,0.0,Non-Parent,,1.0,0.6981519507186859
2641,0,,,C0271,RH,M422,,,,ARTESIAN GARRISON M422,U341995,ARTESIAN CATTLE & FARMING LLC,291.0,ARTESIAN CATTLE & FARMING LLC,291.0,2024-03-26,AI,AF1,AF168513,Active,B,,,AA,,,100.0,,,H,,P,,,,,,,,,,,,,,,,,,,,,,,,,,,,,70.0,71.0,21297-6,12.0,88.0,,1.0,,,1.0,,,,,,,,,,,,,,,,,,,,,,,,,,,,,,,,,2024.0,0.0,Non-Parent,,1.0,0.6981519507186859
2643,0,,,C0271,RH,M425,,,,ARTESIAN HIGGINS M425,U341997,ARTESIAN CATTLE & FARMING LLC,291.0,ARTESIAN CATTLE & FARMING LLC,291.0,2024-03-31,NS,AF1,AF11048,Active,B,,,AA,,,100.0,,,H,,P,,,,,,,,,,,,,,,,,,,,,,,,,,,,,67.0,68.0,21297-6,12.0,84.0,,1.0,,,1.0,,,,,,,,,,,,,,,,,,,,,,,,,,,,,,,,,2024.0,0.0,Non-Parent,,1.0,0.6844626967830253
2645,0,,,C0271,RH,M427,,,,ARTESIAN JARRELL M427,U341999,ARTESIAN CATTLE & FARMING LLC,291.0,ARTESIAN CATTLE & FARMING LLC,291.0,2024-04-01,NS,AF1,AF204570,Active,B,,,AA,,,100.0,,,H,,P,,,,,,,,,,,,,,,,,,,,,,,,,,,,,89.0,92.0,21297-6,12.0,114.0,,1.0,,,1.0,,,,,,,,,,,,,,,,,,,,,,,,,,,,,,,,,2024.0,0.0,Non-Parent,,1.0,0.6817248459958932
2646,0,,,C0271,RH,M430,,,,ARTESIAN KANNARD M430,U342000,ARTESIAN CATTLE & FARMING LLC,291.0,ARTESIAN CATTLE & FARMING LLC,291.0,2024-04-05,NS,AF1,AF197210,Active,B,,,AA,,,100.0,,,H,,P,,,,,,,,,,,,,,,,,,,,,,,,,,,,,82.0,85.0,21297-6,12.0,105.0,,1.0,,,1.0,,,,,,,,,,,,,,,,,,,,,,,,,,,,,,,,,2024.0,0.0,Non-Parent,,1.0,0.6707734428473648
2651,0,,,C0271,RH,M455,,,,ARTESIAN BOYD M455,U342005,ARTESIAN CATTLE & FARMING LLC,291.0,ARTESIAN CATTLE & FARMING LLC,291.0,2024-04-18,AI,AF1,AF21694,Active,B,,,AA,,,100.0,,,H,,P,,,,,,,,,,,,,,,,,,,,,,,,,,,,,101.0,102.0,21297-6,12.0,126.0,,1.0,,,1.0,,,,,,,,,,,,,,,,,,,,,,,,,,,,,,,,,2024.0,0.0,Non-Parent,,1.0,0.6351813826146475
2653,0,,,C0271,RH,M460,,,,ARTESIAN CASON M460,U342007,ARTESIAN CATTLE & FARMING LLC,291.0,ARTESIAN CATTLE & FARMING LLC,291.0,2024-05-01,NS,AF1,AF91302,Active,B,,,AA,,,100.0,,,H,,P,,,,,,,,,,,,,,,,,,,,,,,,,,,,,85.0,85.0,21297-6,12.0,105.0,,1.0,,,1.0,,,,,,,,,,,,,,,,,,,,,,,,,,,,,,,,,2024.0,0.0,Non-Parent,,1.0,0.5995893223819302
2655,0,,,C0271,RH,M463,,,,ARTESIAN DOUGLASS M463,U342009,ARTESIAN CATTLE & FARMING LLC,291.0,ARTESIAN CATTLE & FARMING LLC,291.0,2024-05-13,NS,AF1,AF11079,Active,B,,,AA,,,100.0,,,H,,P,,,,,,,,,,,,,,,,,,,,,,,,,,,,,83.0,84.0,21297-6,12.0,104.0,,1.0,,,1.0,,,,,,,,,,,,,,,,,,,,,,,,,,,,,,,,,2024.0,0.0,Non-Parent,,1.0,0.5667351129363449
2656,0,,,C0271,RH,M464,,,,ARTESIAN GRAHAM M464,U342010,ARTESIAN CATTLE & FARMING LLC,291.0,ARTESIAN CATTLE & FARMING LLC,291.0,2024-05-15,NS,AF1,AF178223,Active,B,,,AA,,,100.0,,,H,,P,,,,,,,,,,,,,,,,,,,,,,,,,,,,,65.0,66.0,21297-6,12.0,82.0,,1.0,,,1.0,,,,,,,,,,,,,,,,,,,,,,,,,,,,,,,,,2024.0,0.0,Non-Parent,,1.0,0.5612594113620808
